# Official Perl perlhist.pod blob 2a0c30fc6f1b3e48af6b408cf02cb20e62fe3855; retrieved 2026-10-07.
# 11 additional RC rows cite annotated official v-tags in perlhist_line.
# Every row requires separate perl<V>.tokens and perl<V>.grammar files before status=complete.
release,date,perlhist_line,grammar_status
1.000,1987-Dec-18,78,partial
1.001,1988-Jan-30,80,pending
1.002,1988-Jan-30,80,pending
1.003,1988-Jan-30,80,pending
1.004,1988-Jan-30,80,pending
1.005,1988-Jan-30,80,pending
1.006,1988-Jan-30,80,pending
1.007,1988-Jan-30,80,pending
1.008,1988-Jan-30,80,pending
1.009,1988-Jan-30,80,pending
1.010,1988-Jan-30,80,pending
1.011,1988-Feb-02,81,pending
1.012,1988-Feb-02,81,pending
1.013,1988-Feb-02,81,pending
1.014,1988-Feb-02,81,pending
1.0.15,2002-Dec-18,82,partial
1.0_16,2003-Dec-18,83,partial
2.000,1988-Jun-05,85,partial
2.001,1988-Jun-28,87,partial
3.000,1989-Oct-18,89,partial
3.001,1989-Oct-26,91,pending
3.002,1989-Nov-11,92,pending
3.003,1989-Nov-11,92,pending
3.004,1989-Nov-11,92,pending
3.005,1989-Nov-18,93,pending
3.006,1989-Dec-22,94,pending
3.007,1989-Dec-22,94,pending
3.008,1989-Dec-22,94,pending
3.009,1990-Mar-02,95,pending
3.010,1990-Mar-02,95,pending
3.011,1990-Mar-02,95,pending
3.012,1990-Mar-02,95,pending
3.013,1990-Mar-02,95,pending
3.014,1990-Mar-13,96,pending
3.015,1990-Mar-14,97,pending
3.016,1990-Mar-28,98,pending
3.017,1990-Mar-28,98,pending
3.018,1990-Mar-28,98,pending
3.019,1990-Aug-10,99,pending
3.020,1990-Aug-10,99,pending
3.021,1990-Aug-10,99,pending
3.022,1990-Aug-10,99,pending
3.023,1990-Aug-10,99,pending
3.024,1990-Aug-10,99,pending
3.025,1990-Aug-10,99,pending
3.026,1990-Aug-10,99,pending
3.027,1990-Aug-10,99,pending
3.028,1990-Aug-14,100,pending
3.029,1990-Oct-17,101,pending
3.030,1990-Oct-17,101,pending
3.031,1990-Oct-17,101,pending
3.032,1990-Oct-17,101,pending
3.033,1990-Oct-17,101,pending
3.034,1990-Oct-17,101,pending
3.035,1990-Oct-17,101,pending
3.036,1990-Oct-17,101,pending
3.037,1990-Oct-20,102,pending
3.040,1990-Nov-10,103,pending
3.041,1990-Nov-13,104,pending
3.042,1991-Jan-??,105,pending
3.043,1991-Jan-??,105,pending
3.044,1991-Jan-12,106,partial
4.000,1991-Mar-21,108,partial
4.001,1991-Apr-12,110,pending
4.002,1991-Apr-12,110,pending
4.003,1991-Apr-12,110,pending
4.004,1991-Jun-07,111,pending
4.005,1991-Jun-07,111,pending
4.006,1991-Jun-07,111,pending
4.007,1991-Jun-07,111,pending
4.008,1991-Jun-07,111,pending
4.009,1991-Jun-07,111,pending
4.010,1991-Jun-10,112,pending
4.011,1991-Nov-05,113,pending
4.012,1991-Nov-05,113,pending
4.013,1991-Nov-05,113,pending
4.014,1991-Nov-05,113,pending
4.015,1991-Nov-05,113,pending
4.016,1991-Nov-05,113,pending
4.017,1991-Nov-05,113,pending
4.018,1991-Nov-05,113,pending
4.019,1991-Nov-11,114,pending
4.020,1992-Jun-08,115,pending
4.021,1992-Jun-08,115,pending
4.022,1992-Jun-08,115,pending
4.023,1992-Jun-08,115,pending
4.024,1992-Jun-08,115,pending
4.025,1992-Jun-08,115,pending
4.026,1992-Jun-08,115,pending
4.027,1992-Jun-08,115,pending
4.028,1992-Jun-08,115,pending
4.029,1992-Jun-08,115,pending
4.030,1992-Jun-08,115,pending
4.031,1992-Jun-08,115,pending
4.032,1992-Jun-08,115,pending
4.033,1992-Jun-08,115,pending
4.034,1992-Jun-11,116,pending
4.035,1992-Jun-23,117,pending
4.036,1993-Feb-05,118,partial
5.000alpha1,1993-Jul-31,120,pending
5.000alpha2,1993-Aug-16,121,pending
5.000alpha3,1993-Oct-10,122,pending
5.000alpha4,1993-???-??,123,pending
5.000alpha5,1993-???-??,124,pending
5.000alpha6,1994-Mar-18,125,pending
5.000alpha7,1994-Mar-25,126,pending
5.000alpha8,1994-Apr-04,127,pending
5.000alpha9,1994-May-05,128,pending
5.000alpha10,1994-Jun-11,129,pending
5.000alpha11,1994-Jul-01,130,pending
5.000a11a,1994-Jul-07,131,pending
5.000a11b,1994-Jul-14,132,pending
5.000a11c,1994-Jul-19,133,pending
5.000a11d,1994-Jul-22,134,pending
5.000alpha12,1994-Aug-04,135,pending
5.000a12a,1994-Aug-08,136,pending
5.000a12b,1994-Aug-15,137,pending
5.000a12c,1994-Aug-22,138,pending
5.000a12d,1994-Aug-22,139,pending
5.000a12e,1994-Aug-22,140,pending
5.000a12f,1994-Aug-24,141,pending
5.000a12g,1994-Aug-24,142,pending
5.000a12h,1994-Aug-24,143,pending
5.000beta1,1994-Aug-30,144,pending
5.000b1a,1994-Sep-06,145,pending
5.000beta2,1994-Sep-14,146,pending
5.000b2a,1994-Sep-14,147,pending
5.000b2b,1994-Sep-17,148,pending
5.000b2c,1994-Sep-17,149,pending
5.000beta3,1994-Sep-??,150,pending
5.000b3a,1994-Sep-18,151,pending
5.000b3b,1994-Sep-22,152,pending
5.000b3c,1994-Sep-23,153,pending
5.000b3d,1994-Sep-27,154,pending
5.000b3e,1994-Sep-28,155,pending
5.000b3f,1994-Sep-30,156,pending
5.000b3g,1994-Oct-04,157,pending
5.000b3h,1994-Oct-07,158,pending
5.000gamma,1994-Oct-13,159,pending
5.000,1994-Oct-17,161,partial
5.000a,1994-Dec-19,163,pending
5.000b,1995-Jan-18,164,pending
5.000c,1995-Jan-18,165,pending
5.000d,1995-Jan-18,166,pending
5.000e,1995-Jan-18,167,pending
5.000f,1995-Jan-18,168,pending
5.000g,1995-Jan-18,169,pending
5.000h,1995-Jan-18,170,pending
5.000i,1995-Jan-26,171,pending
5.000j,1995-Feb-07,172,pending
5.000k,1995-Feb-11,173,pending
5.000l,1995-Feb-21,174,pending
5.000m,1995-Feb-28,175,pending
5.000n,1995-Mar-07,176,pending
5.000o,1995-Mar-13,177,pending
5.001,1995-Mar-13,179,partial
5.001a,1995-Mar-15,181,pending
5.001b,1995-Mar-31,182,pending
5.001c,1995-Apr-07,183,pending
5.001d,1995-Apr-14,184,pending
5.001e,1995-Apr-18,185,pending
5.001f,1995-May-31,186,pending
5.001g,1995-May-25,187,pending
5.001h,1995-May-25,188,pending
5.001i,1995-May-30,189,pending
5.001j,1995-Jun-05,190,pending
5.001k,1995-Jun-06,191,pending
5.001l,1995-Jun-06,192,pending
5.001m,1995-Jul-02,193,pending
5.001n,1995-Oct-31,194,partial
5.002beta1,1995-Nov-21,195,pending
5.002b1a,1995-Dec-04,196,pending
5.002b1b,1995-Dec-04,197,pending
5.002b1c,1995-Dec-04,198,pending
5.002b1d,1995-Dec-04,199,pending
5.002b1e,1995-Dec-08,200,pending
5.002b1f,1995-Dec-08,201,pending
5.002b1g,1995-Dec-21,202,pending
5.002b1h,1996-Jan-05,203,pending
5.002b2,1996-Jan-14,204,pending
5.002b3,1996-Feb-02,205,pending
5.002gamma,1996-Feb-11,206,pending
5.002delta,1996-Feb-27,207,pending
5.002,1996-Feb-29,209,partial
5.002_01,1996-Mar-25,211,partial
5.003,1996-Jun-25,213,partial
5.003_01,1996-Jul-31,215,partial
5.003_02,1996-Aug-10,216,partial
5.003_03,1996-Aug-28,217,partial
5.003_04,1996-Sep-02,218,partial
5.003_05,1996-Sep-12,219,partial
5.003_06,1996-Oct-07,220,partial
5.003_07,1996-Oct-10,221,partial
5.003_08,1996-Nov-19,222,partial
5.003_09,1996-Nov-26,223,partial
5.003_10,1996-Nov-29,224,partial
5.003_11,1996-Dec-06,225,partial
5.003_12,1996-Dec-19,226,partial
5.003_13,1996-Dec-20,227,partial
5.003_14,1996-Dec-23,228,partial
5.003_15,1996-Dec-23,229,partial
5.003_16,1996-Dec-24,230,pending
5.003_17,1996-Dec-27,231,pending
5.003_18,1996-Dec-31,232,pending
5.003_19,1997-Jan-04,233,pending
5.003_20,1997-Jan-07,234,pending
5.003_21,1997-Jan-15,235,pending
5.003_22,1997-Jan-16,236,pending
5.003_23,1997-Jan-25,237,pending
5.003_24,1997-Jan-29,238,pending
5.003_25,1997-Feb-04,239,pending
5.003_26,1997-Feb-10,240,pending
5.003_27,1997-Feb-18,241,pending
5.003_28,1997-Feb-21,242,pending
5.003_90,1997-Feb-25,243,pending
5.003_91,1997-Mar-01,244,pending
5.003_92,1997-Mar-06,245,pending
5.003_93,1997-Mar-10,246,pending
5.003_94,1997-Mar-22,247,pending
5.003_95,1997-Mar-25,248,pending
5.003_96,1997-Apr-01,249,pending
5.003_97,1997-Apr-03,250,pending
5.003_97a,1997-Apr-05,251,pending
5.003_97b,1997-Apr-08,252,pending
5.003_97c,1997-Apr-10,253,pending
5.003_97d,1997-Apr-13,254,pending
5.003_97e,1997-Apr-15,255,pending
5.003_97f,1997-Apr-17,256,pending
5.003_97g,1997-Apr-18,257,pending
5.003_97h,1997-Apr-24,258,pending
5.003_97i,1997-Apr-25,259,pending
5.003_97j,1997-Apr-28,260,pending
5.003_98,1997-Apr-30,261,pending
5.003_99,1997-May-01,262,pending
5.003_99a,1997-May-09,263,pending
5.004,1997-May-15,267,pending
5.004_01-t1,1997-???-??,269,pending
5.004_01-t2,1997-Jun-11,270,pending
5.004_01,1997-Jun-13,271,pending
5.004_01_01,1997-Jul-29,272,pending
5.004_01_02,1997-Aug-01,273,pending
5.004_01_03,1997-Aug-05,274,pending
5.004_02,1997-Aug-07,275,pending
5.004_02_01,1997-Aug-12,276,pending
5.004_03-t2,1997-Aug-13,277,pending
5.004_03,1997-Sep-05,278,pending
5.004_04-t1,1997-Sep-19,279,pending
5.004_04-t2,1997-Sep-23,280,pending
5.004_04-t3,1997-Oct-10,281,pending
5.004_04-t4,1997-Oct-14,282,pending
5.004_04,1997-Oct-15,283,pending
5.004_04-m1,1998-Mar-04,284,pending
5.004_04-m2,1998-May-01,286,pending
5.004_04-m3,1998-May-15,287,pending
5.004_04-m4,1998-May-19,288,pending
5.004_05-MT5,1998-Jul-21,289,pending
5.004_05-MT6,1998-Oct-09,290,pending
5.004_05-MT7,1998-Nov-22,291,pending
5.004_05-MT8,1998-Dec-03,292,pending
5.004_05-MT9,1999-Apr-26,293,pending
5.004_05,1999-Apr-29,294,pending
5.004_50,1997-Sep-09,296,pending
5.004_51,1997-Oct-02,297,pending
5.004_52,1997-Oct-15,298,pending
5.004_53,1997-Oct-16,299,pending
5.004_54,1997-Nov-14,300,pending
5.004_55,1997-Nov-25,301,pending
5.004_56,1997-Dec-18,302,pending
5.004_57,1998-Feb-03,303,pending
5.004_58,1998-Feb-06,304,pending
5.004_59,1998-Feb-13,305,pending
5.004_60,1998-Feb-20,306,pending
5.004_61,1998-Feb-27,307,pending
5.004_62,1998-Mar-06,308,pending
5.004_63,1998-Mar-17,309,pending
5.004_64,1998-Apr-03,310,pending
5.004_65,1998-May-15,311,pending
5.004_66,1998-May-29,312,pending
5.004_67,1998-Jun-15,313,pending
5.004_68,1998-Jun-23,314,pending
5.004_69,1998-Jun-29,315,pending
5.004_70,1998-Jul-06,316,pending
5.004_71,1998-Jul-09,317,pending
5.004_72,1998-Jul-12,318,pending
5.004_73,1998-Jul-13,319,pending
5.004_74,1998-Jul-14,320,pending
5.004_75,1998-Jul-15,321,pending
5.004_76,1998-Jul-21,322,pending
5.005,1998-Jul-22,324,pending
5.005_01,1998-Jul-27,326,pending
5.005_02-T1,1998-Aug-02,327,pending
5.005_02-T2,1998-Aug-05,328,pending
5.005_02,1998-Aug-08,329,pending
5.005_03-MT1,1998-Nov-30,330,pending
5.005_03-MT2,1999-Jan-04,331,pending
5.005_03-MT3,1999-Jan-17,332,pending
5.005_03-MT4,1999-Jan-26,333,pending
5.005_03-MT5,1999-Jan-28,334,pending
5.005_03-MT6,1999-Mar-05,335,pending
5.005_03,1999-Mar-28,336,pending
5.005_04-RC1,2004-Feb-05,337,pending
5.005_04-RC2,2004-Feb-18,338,pending
5.005_04,2004-Feb-23,339,pending
5.005_05-RC1,2009-Feb-16,340,pending
5.005_50,1998-Jul-26,342,pending
5.005_51,1998-Aug-10,343,pending
5.005_52,1998-Sep-25,344,pending
5.005_53,1998-Oct-31,345,pending
5.005_54,1998-Nov-30,346,pending
5.005_55,1999-Feb-16,347,pending
5.005_56,1999-Mar-01,348,pending
5.005_57,1999-May-25,349,pending
5.005_58,1999-Jul-27,350,pending
5.005_59,1999-Aug-02,351,pending
5.005_60,1999-Aug-02,352,pending
5.005_61,1999-Aug-20,353,pending
5.005_62,1999-Oct-15,354,pending
5.005_63,1999-Dec-09,355,pending
5.5.640,2000-Feb-02,356,pending
5.5.650,2000-Feb-08,357,pending
5.5.660,2000-Feb-22,358,pending
5.5.670,2000-Feb-29,359,pending
5.6.0-RC1,2000-Mar-09,360,pending
5.6.0-RC2,2000-Mar-14,361,pending
5.6.0-RC3,2000-Mar-21,362,pending
5.6.0,2000-Mar-22,364,pending
5.6.1-TRIAL1,2000-Dec-18,366,pending
5.6.1-TRIAL2,2001-Jan-31,367,pending
5.6.1-TRIAL3,2001-Mar-19,368,pending
5.6.1-foolish,2001-Apr-01,369,pending
5.6.1,2001-Apr-08,370,pending
5.6.2-RC1,2003-Nov-08,371,pending
5.6.2,2003-Nov-15,372,pending
5.7.0,2000-Sep-02,374,pending
5.7.1,2001-Apr-09,375,pending
5.7.2,2001-Jul-13,376,pending
5.7.3,2002-Mar-05,377,pending
5.8.0-RC1,2002-Jun-01,378,pending
5.8.0-RC2,2002-Jun-21,379,pending
5.8.0-RC3,2002-Jul-13,380,pending
5.8.0,2002-Jul-18,382,pending
5.8.1-RC1,2003-Jul-10,384,pending
5.8.1-RC2,2003-Jul-11,385,pending
5.8.1-RC3,2003-Jul-30,386,pending
5.8.1-RC4,2003-Aug-01,387,pending
5.8.1-RC5,2003-Sep-22,388,pending
5.8.1,2003-Sep-25,389,pending
5.8.2-RC1,2003-Oct-27,390,pending
5.8.2-RC2,2003-Nov-03,391,pending
5.8.2,2003-Nov-05,392,pending
5.8.3-RC1,2004-Jan-07,393,pending
5.8.3,2004-Jan-14,394,pending
5.8.4-RC1,2004-Apr-05,395,pending
5.8.4-RC2,2004-Apr-15,396,pending
5.8.4,2004-Apr-21,397,pending
5.8.5-RC1,2004-Jul-06,398,pending
5.8.5-RC2,2004-Jul-08,399,pending
5.8.5,2004-Jul-19,400,pending
5.8.6-RC1,2004-Nov-11,401,pending
5.8.6,2004-Nov-27,402,pending
5.8.7-RC1,2005-May-18,403,pending
5.8.7,2005-May-30,404,pending
5.8.8-RC1,2006-Jan-20,405,pending
5.8.8,2006-Jan-31,406,pending
5.8.9-RC1,2008-Nov-10,407,pending
5.8.9-RC2,2008-Dec-06,408,pending
5.8.9,2008-Dec-14,409,pending
5.9.0,2003-Oct-27,411,pending
5.9.1,2004-Mar-16,412,pending
5.9.2,2005-Apr-01,413,pending
5.9.3,2006-Jan-28,414,pending
5.9.4,2006-Aug-15,415,pending
5.9.5,2007-Jul-07,416,pending
5.10.0-RC1,2007-Nov-17,417,pending
5.10.0-RC2,2007-Nov-25,418,pending
5.10.0,2007-Dec-18,420,pending
5.10.1-RC1,2009-Aug-06,422,pending
5.10.1-RC2,2009-Aug-18,423,pending
5.10.1,2009-Aug-22,424,pending
5.11.0,2009-Oct-02,426,pending
5.11.1,2009-Oct-20,427,pending
5.11.2,2009-Nov-20,428,pending
5.11.3,2009-Dec-20,429,pending
5.11.4,2010-Jan-20,430,pending
5.11.5,2010-Feb-20,431,pending
5.12.0-RC0,2010-Mar-21,432,pending
5.12.0-RC1,2010-Mar-29,433,pending
5.12.0-RC2,2010-Apr-01,434,pending
5.12.0-RC3,2010-Apr-02,435,pending
5.12.0-RC4,2010-Apr-06,436,pending
5.12.0-RC5,2010-Apr-09,437,pending
5.12.0,2010-Apr-12,439,pending
5.12.1-RC0,2010-May-07,tag:v5.12.1-RC0,pending
5.12.1-RC1,2010-May-09,441,pending
5.12.1-RC2,2010-May-13,442,pending
5.12.1,2010-May-16,443,pending
5.12.2-RC1,2010-Aug-31,444,pending
5.12.2,2010-Sep-06,445,pending
5.12.3-RC1,2011-Jan-09,446,pending
5.12.3-RC2,2011-Jan-14,447,pending
5.12.3-RC3,2011-Jan-17,448,pending
5.12.3,2011-Jan-21,449,pending
5.12.4-RC1,2011-Jun-08,450,pending
5.12.4-RC2,2011-Jun-15,tag:v5.12.4-RC2,pending
5.12.4,2011-Jun-20,451,pending
5.12.5-RC1,2012-Nov-03,tag:v5.12.5-RC1,pending
5.12.5-RC2,2012-Nov-07,tag:v5.12.5-RC2,pending
5.12.5,2012-Nov-10,452,pending
5.13.0,2010-Apr-20,454,pending
5.13.1,2010-May-20,455,pending
5.13.2,2010-Jun-22,456,pending
5.13.3,2010-Jul-20,457,pending
5.13.4,2010-Aug-20,458,pending
5.13.5,2010-Sep-19,459,pending
5.13.6,2010-Oct-20,460,pending
5.13.7,2010-Nov-20,461,pending
5.13.8,2010-Dec-20,462,pending
5.13.9,2011-Jan-20,463,pending
5.13.10,2011-Feb-20,464,pending
5.13.11,2011-Mar-20,465,pending
5.14.0-RC1,2011-Apr-20,466,pending
5.14.0-RC2,2011-May-04,467,pending
5.14.0-RC3,2011-May-11,468,pending
5.14.0,2011-May-14,470,pending
5.14.1-RC1,2011-Jun-09,tag:v5.14.1-RC1,pending
5.14.1,2011-Jun-16,472,pending
5.14.2-RC1,2011-Sep-19,473,pending
5.14.2,2011-Sep-26,474,pending
5.14.3-RC1,2012-Sep-26,tag:v5.14.3-RC1,pending
5.14.3-RC2,2012-Oct-10,tag:v5.14.3-RC2,pending
5.14.3,2012-Oct-12,475,pending
5.14.4-RC1,2013-Mar-05,476,pending
5.14.4-RC2,2013-Mar-07,477,pending
5.14.4,2013-Mar-10,478,pending
5.15.0,2011-Jun-20,480,pending
5.15.1,2011-Jul-20,481,pending
5.15.2,2011-Aug-20,482,pending
5.15.3,2011-Sep-20,483,pending
5.15.4,2011-Oct-20,484,pending
5.15.5,2011-Nov-20,485,pending
5.15.6,2011-Dec-20,486,pending
5.15.7,2012-Jan-20,487,pending
5.15.8,2012-Feb-20,488,pending
5.15.9,2012-Mar-20,489,pending
5.16.0-RC0,2012-May-10,490,pending
5.16.0-RC1,2012-May-14,491,pending
5.16.0-RC2,2012-May-15,492,pending
5.16.0,2012-May-20,494,pending
5.16.1,2012-Aug-08,496,pending
5.16.2,2012-Nov-01,497,pending
5.16.3-RC1,2013-Mar-06,498,pending
5.16.3,2013-Mar-11,499,pending
5.17.0,2012-May-26,501,pending
5.17.1,2012-Jun-20,502,pending
5.17.2,2012-Jul-20,503,pending
5.17.3,2012-Aug-20,504,pending
5.17.4,2012-Sep-20,505,pending
5.17.5,2012-Oct-20,506,pending
5.17.6,2012-Nov-20,507,pending
5.17.7,2012-Dec-18,508,pending
5.17.8,2013-Jan-20,509,pending
5.17.9,2013-Feb-20,510,pending
5.17.10,2013-Mar-21,511,pending
5.17.11,2013-Apr-20,512,pending
5.18.0-RC1,2013-May-11,513,pending
5.18.0-RC2,2013-May-12,514,pending
5.18.0-RC3,2013-May-13,515,pending
5.18.0-RC4,2013-May-15,516,pending
5.18.0,2013-May-18,518,pending
5.18.1-RC1,2013-Aug-01,520,pending
5.18.1-RC2,2013-Aug-03,521,pending
5.18.1-RC3,2013-Aug-08,522,pending
5.18.1,2013-Aug-12,523,pending
5.18.2-RC1,2013-Dec-21,tag:v5.18.2-RC1,pending
5.18.2-RC2,2013-Dec-21,tag:v5.18.2-RC2,pending
5.18.2-RC3,2013-Dec-21,tag:v5.18.2-RC3,pending
5.18.2-RC4,2013-Dec-22,tag:v5.18.2-RC4,pending
5.18.2,2014-Jan-06,524,pending
5.18.3-RC1,2014-Sep-17,525,pending
5.18.3-RC2,2014-Sep-27,526,pending
5.18.3,2014-Oct-01,527,pending
5.18.4,2014-Oct-01,528,pending
5.19.0,2013-May-20,530,pending
5.19.1,2013-Jun-21,531,pending
5.19.2,2013-Jul-22,532,pending
5.19.3,2013-Aug-20,533,pending
5.19.4,2013-Sep-20,534,pending
5.19.5,2013-Oct-20,535,pending
5.19.6,2013-Nov-20,536,pending
5.19.7,2013-Dec-20,537,pending
5.19.8,2014-Jan-20,538,pending
5.19.9,2014-Feb-20,539,pending
5.19.10,2014-Mar-20,540,pending
5.19.11,2014-Apr-20,541,pending
5.20.0-RC1,2014-May-16,542,pending
5.20.0,2014-May-27,544,pending
5.20.1-RC1,2014-Aug-25,546,pending
5.20.1-RC2,2014-Sep-07,547,pending
5.20.1,2014-Sep-14,548,pending
5.20.2-RC1,2015-Jan-31,549,pending
5.20.2,2015-Feb-14,550,pending
5.20.3-RC1,2015-Aug-22,551,pending
5.20.3-RC2,2015-Aug-29,552,pending
5.20.3,2015-Sep-12,553,pending
5.21.0,2014-May-27,555,pending
5.21.1,2014-Jun-20,556,pending
5.21.2,2014-Jul-20,557,pending
5.21.3,2014-Aug-20,558,pending
5.21.4,2014-Sep-20,559,pending
5.21.5,2014-Oct-20,560,pending
5.21.6,2014-Nov-20,561,pending
5.21.7,2014-Dec-20,562,pending
5.21.8,2015-Jan-20,563,pending
5.21.9,2015-Feb-20,564,pending
5.21.10,2015-Mar-20,565,pending
5.21.11,2015-Apr-20,566,pending
5.22.0-RC1,2015-May-19,567,pending
5.22.0-RC2,2015-May-21,568,pending
5.22.0,2015-Jun-01,570,pending
5.22.1-RC1,2015-Oct-31,572,pending
5.22.1-RC2,2015-Nov-15,573,pending
5.22.1-RC3,2015-Dec-02,574,pending
5.22.1-RC4,2015-Dec-08,575,pending
5.22.1,2015-Dec-13,576,pending
5.22.2-RC1,2016-Apr-10,577,pending
5.22.2,2016-Apr-29,578,pending
5.22.3-RC1,2016-Jul-17,579,pending
5.22.3-RC2,2016-Jul-25,580,pending
5.22.3-RC3,2016-Aug-11,581,pending
5.22.3-RC4,2016-Oct-12,582,pending
5.22.3-RC5,2017-Jan-02,583,pending
5.22.3,2017-Jan-14,584,pending
5.22.4-RC1,2017-Jul-01,585,pending
5.22.4,2017-Jul-15,586,pending
5.23.0,2015-Jun-20,588,pending
5.23.1,2015-Jul-20,589,pending
5.23.2,2015-Aug-20,590,pending
5.23.3,2015-Sep-20,591,pending
5.23.4,2015-Oct-20,592,pending
5.23.5,2015-Nov-20,593,pending
5.23.6,2015-Dec-21,594,pending
5.23.7,2016-Jan-20,595,pending
5.23.8,2016-Feb-20,596,pending
5.23.9,2016-Mar-20,597,pending
5.24.0-RC1,2016-Apr-13,598,pending
5.24.0-RC2,2016-Apr-23,599,pending
5.24.0-RC3,2016-Apr-26,600,pending
5.24.0-RC4,2016-May-02,601,pending
5.24.0-RC5,2016-May-04,602,pending
5.24.0,2016-May-09,604,pending
5.24.1-RC1,2016-Jul-17,606,pending
5.24.1-RC2,2016-Jul-25,607,pending
5.24.1-RC3,2016-Aug-11,608,pending
5.24.1-RC4,2016-Oct-12,609,pending
5.24.1-RC5,2017-Jan-02,610,pending
5.24.1,2017-Jan-14,611,pending
5.24.2-RC1,2017-Jul-01,612,pending
5.24.2,2017-Jul-15,613,pending
5.24.3-RC1,2017-Sep-10,614,pending
5.24.3,2017-Sep-22,615,pending
5.24.4-RC1,2018-Mar-24,616,pending
5.24.4,2018-Apr-14,617,pending
5.25.0,2016-May-09,619,pending
5.25.1,2016-May-20,620,pending
5.25.2,2016-Jun-20,621,pending
5.25.3,2016-Jul-20,622,pending
5.25.4,2016-Aug-20,623,pending
5.25.5,2016-Sep-20,624,pending
5.25.6,2016-Oct-20,625,pending
5.25.7,2016-Nov-20,626,pending
5.25.8,2016-Dec-20,627,pending
5.25.9,2017-Jan-20,628,pending
5.25.10,2017-Feb-20,629,pending
5.25.11,2017-Mar-20,630,pending
5.25.12,2017-Apr-20,631,pending
5.26.0-RC1,2017-May-11,632,pending
5.26.0-RC2,2017-May-23,633,pending
5.26.0,2017-May-30,635,pending
5.26.1-RC1,2017-Sep-10,637,pending
5.26.1,2017-Sep-22,638,pending
5.26.2-RC1,2018-Mar-24,639,pending
5.26.2,2018-Apr-14,640,pending
5.26.3-RC1,2018-Nov-08,641,pending
5.26.3,2018-Nov-29,642,pending
5.27.0,2017-May-31,644,pending
5.27.1,2017-Jun-20,645,pending
5.27.2,2017-Jul-20,646,pending
5.27.3,2017-Aug-21,647,pending
5.27.4,2017-Sep-20,648,pending
5.27.5,2017-Oct-20,649,pending
5.27.6,2017-Nov-20,650,pending
5.27.7,2017-Dec-20,651,pending
5.27.8,2018-Jan-20,652,pending
5.27.9,2018-Feb-20,653,pending
5.27.10,2018-Mar-20,654,pending
5.27.11,2018-Apr-20,655,pending
5.28.0-RC1,2018-May-21,656,pending
5.28.0-RC2,2018-Jun-06,657,pending
5.28.0-RC3,2018-Jun-18,658,pending
5.28.0-RC4,2018-Jun-19,659,pending
5.28.0,2018-Jun-22,661,pending
5.28.1-RC1,2018-Nov-08,663,pending
5.28.1,2018-Nov-29,664,pending
5.28.2-RC1,2019-Apr-05,665,pending
5.28.2,2019-Apr-19,666,pending
5.28.3-RC1,2020-May-18,667,pending
5.28.3,2020-Jun-01,668,pending
5.29.0,2018-Jun-26,670,pending
5.29.1,2018-Jul-20,671,pending
5.29.2,2018-Aug-20,672,pending
5.29.3,2018-Sep-20,673,pending
5.29.4,2018-Oct-20,674,pending
5.29.5,2018-Nov-20,675,pending
5.29.6,2018-Dec-18,676,pending
5.29.7,2019-Jan-20,677,pending
5.29.8,2019-Feb-20,678,pending
5.29.9,2019-Mar-20,679,pending
5.29.10,2019-Apr-20,680,pending
5.30.0-RC1,2019-May-11,681,pending
5.30.0-RC2,2019-May-17,682,pending
5.30.0,2019-May-22,684,pending
5.30.1-RC1,2019-Oct-27,686,pending
5.30.1,2019-Nov-10,687,pending
5.30.2-RC1,2020-Feb-29,688,pending
5.30.2,2020-Mar-14,689,pending
5.30.3-RC1,2020-May-18,690,pending
5.30.3,2020-Jun-01,691,pending
5.31.0,2019-May-24,693,pending
5.31.1,2019-Jun-20,694,pending
5.31.2,2019-Jul-20,695,pending
5.31.3,2019-Aug-20,696,pending
5.31.4,2019-Sep-20,697,pending
5.31.5,2019-Oct-20,698,pending
5.31.6,2019-Nov-20,699,pending
5.31.7,2019-Dec-20,700,pending
5.31.8,2020-Jan-20,701,pending
5.31.9,2020-Feb-20,702,pending
5.31.10,2020-Mar-20,703,pending
5.31.11,2020-Apr-28,704,pending
5.32.0-RC0,2020-May-30,705,pending
5.32.0-RC1,2020-Jun-07,706,pending
5.32.0,2020-Jun-20,708,pending
5.32.1-RC1,2021-Jan-09,710,pending
5.32.1,2021-Jan-23,711,pending
5.33.0,2020-Jul-17,713,pending
5.33.1,2020-Aug-20,714,pending
5.33.2,2020-Sep-20,715,pending
5.33.3,2020-Oct-20,716,pending
5.33.4,2020-Nov-20,717,pending
5.33.5,2020-Dec-20,718,pending
5.33.6,2021-Jan-20,719,pending
5.33.7,2021-Feb-20,720,pending
5.33.8,2021-Mar-20,721,pending
5.33.9,2021-Apr-20,722,pending
5.34.0-RC1,2021-May-04,723,pending
5.34.0-RC2,2021-May-15,724,pending
5.34.0,2021-May-20,726,pending
5.34.1-RC1,2022-Feb-27,728,pending
5.34.1-RC2,2022-Mar-06,729,pending
5.34.1,2022-Mar-13,730,pending
5.34.2,2023-Nov-25,731,pending
5.34.3,2023-Nov-29,732,pending
5.35.0,2021-May-20,734,pending
5.35.1,2021-Jun-20,735,pending
5.35.2,2021-Jul-23,736,pending
5.35.3,2021-Aug-20,737,pending
5.35.4,2021-Sep-20,738,pending
5.35.5,2021-Oct-21,739,pending
5.35.6,2021-Nov-20,740,pending
5.35.7,2021-Dec-20,741,pending
5.35.8,2022-Jan-20,742,pending
5.35.9,2022-Feb-20,743,pending
5.35.10,2022-Mar-20,744,pending
5.35.11,2022-Apr-20,745,pending
5.36.0-RC1,2022-May-20,746,pending
5.36.0-RC2,2022-May-20,747,pending
5.36.0-RC3,2022-May-22,748,pending
5.36.0,2022-May-27,750,pending
5.36.1-RC1,2023-Apr-10,752,pending
5.36.1-RC2,2023-Apr-11,753,pending
5.36.1-RC3,2023-Apr-16,754,pending
5.36.1,2023-Apr-23,755,pending
5.36.2,2023-Nov-25,756,pending
5.36.3,2023-Nov-29,757,pending
5.37.0,2022-May-27,759,pending
5.37.1,2022-Jun-20,760,pending
5.37.2,2022-Jul-20,761,pending
5.37.3,2022-Aug-20,762,pending
5.37.4,2022-Sep-20,763,pending
5.37.5,2022-Oct-20,764,pending
5.37.6,2022-Nov-20,765,pending
5.37.7,2022-Dec-20,766,pending
5.37.8,2023-Jan-20,767,pending
5.37.9,2023-Feb-20,768,pending
5.37.10,2023-Mar-20,769,pending
5.37.11,2023-Apr-20,770,pending
5.38.0-RC1,2023-Jun-15,771,pending
5.38.0-RC2,2023-Jun-23,772,pending
5.38.0,2023-Jul-02,774,pending
5.38.1,2023-Nov-25,776,pending
5.38.2,2023-Nov-29,777,partial
5.38.3-RC1,2025-Jan-05,778,pending
5.38.3,2025-Jan-18,779,pending
5.38.4-RC1,2025-Mar-30,780,pending
5.38.4,2025-Apr-13,781,pending
5.38.5-RC1,2025-Jul-21,782,pending
5.38.5,2025-Aug-03,783,pending
5.39.0,2023-Jun-30,785,pending
5.39.1,2023-Jul-20,786,pending
5.39.2,2023-Aug-20,787,pending
5.39.3,2023-Sep-20,788,pending
5.39.4,2023-Oct-25,789,pending
5.39.5,2023-Nov-20,790,pending
5.39.6,2023-Dec-30,791,pending
5.39.7,2024-Jan-20,792,pending
5.39.8,2024-Feb-23,793,pending
5.39.9,2024-Mar-20,794,pending
5.39.10,2024-Apr-29,795,pending
5.40.0-RC1,2024-May-24,796,pending
5.40.0-RC2,2024-Jun-04,797,pending
5.40.0,2024-Jun-09,799,pending
5.40.1-RC1,2025-Jan-05,801,pending
5.40.1,2025-Jan-18,802,pending
5.40.2-RC1,2025-Mar-30,803,pending
5.40.2,2025-Apr-13,804,pending
5.40.3-RC1,2025-Jul-21,805,pending
5.40.3,2025-Aug-03,806,pending
5.40.4-RC1,2026-Mar-22,807,pending
5.40.4,2026-Mar-29,808,pending
5.40.5-RC1,2026-Jul-22,809,pending
5.40.5,2026-Aug-02,810,pending
5.41.0,2024-Jun-10,812,pending
5.41.1,2024-Jul-02,813,pending
5.41.2,2024-Jul-20,814,pending
5.41.3,2024-Aug-29,815,pending
5.41.4,2024-Sep-20,816,pending
5.41.5,2024-Oct-20,817,pending
5.41.6,2024-Nov-20,818,pending
5.41.7,2024-Dec-20,819,pending
5.41.8,2025-Jan-20,820,pending
5.41.9,2025-Feb-24,821,pending
5.41.10,2025-Mar-21,822,pending
5.41.11,2025-Apr-20,823,pending
5.41.12,2025-Apr-21,824,pending
5.41.13,2025-May-28,825,pending
5.42.0-RC1,2025-Jun-24,826,pending
5.42.0-RC2,2025-Jun-27,827,pending
5.42.0-RC3,2025-Jul-01,828,pending
5.42.0,2025-Jul-03,830,pending
5.42.1-RC1,2026-Feb-22,832,pending
5.42.1,2026-Mar-08,833,pending
5.42.2-RC1,2026-Mar-22,834,pending
5.42.2,2026-Mar-29,835,pending
5.42.3-RC1,2026-Jul-22,836,pending
5.42.3,2026-Aug-02,837,pending
5.43.0,2025-Jul-03,839,pending
5.43.1,2025-Jul-20,840,pending
5.43.2,2025-Aug-20,841,pending
5.43.3,2025-Sep-23,842,pending
5.43.4,2025-Oct-22,843,pending
5.43.5,2025-Nov-20,844,pending
5.43.6,2025-Dec-20,845,pending
5.43.7,2026-Jan-19,846,pending
5.43.8,2026-Feb-20,847,pending
5.43.9,2026-Mar-20,848,pending
5.43.10,2026-Apr-20,849,pending
5.43.11,2026-Jun-01,850,pending
5.44.0-RC1,2026-Jun-22,851,pending
5.44.0-RC2,2026-Jul-08,852,pending
5.44.0,2026-Jul-15,853,partial
5.45.0,2026-Jul-16,855,pending
5.45.1,2026-Jul-21,856,pending
5.45.2,2026-Aug-20,857,pending
5.45.3,2026-Sep-24,858,partial
